Company,Industry,Website,Company Linkedin Url,Facebook Url,Twitter Url,Company Street,Company City,Company State,Company Country,Company Postal Code,Company Address,Keywords,Company Phone,SEO Description,Short Description,Founded Year
United States Golf Association (USGA),sports,http://www.usga.org,http://www.linkedin.com/company/united-states-golf-association,https://www.facebook.com/usopen,https://twitter.com/usopengolf,77 Liberty Corner Road,Far Hills,New Jersey,United States,7931,"77 Liberty Corner Road, Far Hills, New Jersey, United States, 07931","golf, golf courses, rules, championships, us open, history, equipment",'+1 908-234-2300,"The official home of the 2024 U.S. Amateur Championship at Hazeltine National Golf Club (Chaska, Minn.) and Chaska Town Course (Chaska, Minn.) from August 12-18. Watch the best amateur golfers in the world vie for the championship. Get tickets, view the leader board, highlights, stories, and more!","The USGA is a nonprofit organization that celebrates, serves and advances the game of golf.  Founded in 1894, we conduct many of golf's premier professional and amateur championships, including the U.S. Open and U.S. Women's Open.  With The R&A, we govern the sport via a global set of playing, equipment, handicapping and amateur status rules.  The USGA campus in Liberty Corner, New Jersey, is home to the Association's Research and Test Center, where science and innovation are fueling a healthy and sustainable game for the future.  The campus is also home to the USGA Golf Museum, where we honor the game by curating the world's most comprehensive archive of golf artifacts.  To learn more, visit usga.org.",1894
Carlton & United Breweries,mechanical or industrial engineering,http://www.cub.com.au,http://www.linkedin.com/company/carlton-united-breweries,https://facebook.com/pages/Carlton%20&%20United%20Breweries/112361475445379/,https://twitter.com/cub_world,58 Queens Bridge St,Melbourne,Victoria,Australia,3006,"58 Queens Bridge St, Melbourne, Victoria, Australia, 3006","beer, brewing, marketing, distribution, fmcg, consumer goods, drinks, cider, rtds",'+61 3 6212 7800,"Carlton & United Breweries is the most iconic beer company in Australia, with origins dating back to 1824",CUB is an Australia-based brewing company that manufactures and supplies beers and wines for the commercial market.,1832
United States Naval Academy,higher education,http://www.usna.edu,http://www.linkedin.com/school/united-states-naval-academy,https://facebook.com/USNavalAcademy,https://twitter.com/NavalAcademy,52 King George St,Annapolis,Maryland,United States,21402-5002,"52 King George St, Annapolis, Maryland, United States, 21402-5002","engineering, education, navy, marine corps, leadership, training, military, cyber, athletics, stem",'+1 410-293-1000,,"Founded in 1845, the U.S. Naval Academy today is a prestigious four-year service academy that prepares midshipmen morally, mentally, and physically to be professional officers in the naval service. More than 4,400 men and women representing every state in the U.S. and several foreign countries make up the student body, known as the Brigade of Midshipmen. U.S. News and World Reports has recognized the Naval Academy as a top five undergraduate engineering school and a top 20 best liberal arts college. Midshipmen learn from military and civilian instructors and participate in intercollegiate varsity sports and extracurricular activities. They also study subjects like leadership, ethics, small arms, drill, seamanship and navigation, tactics, naval engineering, weapons, and military law. Upon graduation, midshipmen earn a Bachelor of Science degree in a choice of 25 different subject majors and go on to serve at least five years of exciting and rewarding service as commissioned officers in the U.S. Navy or U.S. Marine Corps.

The Academy is set on 338 acres between the south bank of the Severn River and historic downtown Annapolis, the state capital of Maryland. Annapolis is 33 miles east of Washington D.C. and 30 miles south of Baltimore.

Midshipmen can choose from a total of 33 intercollegiate varsity sports: 18 for men, 12 for women, and three co-ed. 

Extracurricular activities are offered in areas ranging from engineering societies, military professional clubs and associations, to athletics, music, arts, and other special interests.

The Naval Academy campus is called the Yard, and features tree-lined brick walks, French Renaissance and contemporary architecture, and scenic vistas of the Chesapeake Bay. The Bancroft Hall dormitory complex, the Naval Academy Chapel, and other century-old buildings make the Academy unique.

Go to usajobs.gov for open positions of employment.",1845
United Tractors,machinery,,http://www.linkedin.com/company/united-tractors-tbk,https://www.facebook.com/ptunitedtractorstbk/,,,,,,,,,(021) 2457 9999,,"United Tractors (UT/the Company) is the leading and the largest distributor of heavy equipments in the Indonesia, providing products from world-renowned brands such as Komatsu, UD Trucks, Scania, Bomag, Tadano, and Komatsu Forest.

We are a company with a long history. Established on October 13th, 1972, the Company reached an important milestone on September 19th, 1989, by listing its shares in Jakarta and Surabaya Stock Exchange as PT United Tractors Tbk (UNTR), with PT Astra International Tbk as the majority shareholder. This initial public offering marked the United Tractors' commitment of becoming the world-class solution-driven company in heavy equipment, mining, and energy for the benefit of stakeholders.

Today, our vast distribution network includes 19 branch offices, 22 site support offices and 11 representative offices in 22 provinces across the country. Not content with being the largest distributor of heavy equipments in the country, the Company also plays an active role in the field of mining contracting and has recently ventured into coal mining business. UT conducted its businesses through three major business units known asConstruction Machinery, Mining Contracting and Mining.",1972
United Family Healthcare,hospital & health care,http://www.ufh.com.cn,http://www.linkedin.com/company/united-family-healthcare,https://facebook.com/UnitedFamHealthcare/,https://twitter.com/UnitedFamHealth,Jiuxianqiao Road,,Beijing Shi,China,,"Jiuxianqiao Road, Beijing Shi, China","healthcare, hospital, emergency medicine, pediatrics, internal medicine, family medicine, obstetrics & gynecology, dermatology, surgery, traditional chinese medicine, plastic, reconstructive, cosmetic services, dental, reproductive medicine, neurosurgery, psychological health, clinics",'+86 400 891 9191,,"United Family Healthcare (UFH) is an international hospital and clinic network that provides private, premium healthcare. UFH has led the way in private international healthcare in China. After almost two decades, UFH has established itself with hospitals and clinics in Beijing, Shanghai, Guangzhou, Tianjin, Qingdao, Bo'ao and Hangzhou as the provider of choice for those seeking premium, personalized healthcare. There are over 400 full-time doctors from 25 different countries and regions working in UFH. Additionally there are over 1000 part-time experts and over 1000 nurses on the team.
With primary care as the core philosophy of our general practice, UFH has built a continuous comprehensive system that starts from preventive care and covers diagnosis, treatment, and rehabilitation. This healthcare system, combined with the employment of a strict medical standard, the adoption of proven medical management techniques, and a willingness to invest in infrastructure and technology, has allowed United Family Healthcare to achieve remarkable results for its patients and set a healthcare delivery standard for others to emulate.
UFH is constantly striving to meet and exceed worldwide service quality and patient safety standards. This level of quality is evidenced by our sixth Joint Commission International (JCI)  reaccreditation.

和睦家医疗秉承现代医院管理理念，致力于为来自不同国家和地区的患者提供个性化的，高质量的，以病人为中心的医疗服务。经过多年的发展，和睦家医疗在北京、上海、广州、天津、青岛、杭州、博鳌等地设有医院和诊所，为民众提供个性化的医疗服务。全职医生共426人，来自25个国家或地区，兼职专家团队超过1000人，护理团队1000余人。
和睦家医疗建立了以全科医疗为中心的医疗服务体系，提供覆盖全生命周期的医疗服务，包括预防保健、诊断、治疗以及康复。这样一个完备的系统，结合严谨的循证医疗实践，先进的管理经验，以及技术和设备上的不断投入，和睦家为病人带来了卓越的的效果，为行业同仁设定了医疗服务的高标准。
和睦家医疗坚持不懈地追求符合甚至超越高标准的服务和质量, 连续六次高分通过了JCI认证。",1997
United States Institute of Peace,international affairs,http://www.usip.org,http://www.linkedin.com/company/united-states-institute-of-peace,https://facebook.com/usinstituteofpeace,https://twitter.com/USIP,2301 Constitution Avenue Northwest,Washington,District of Columbia,United States,20037,"2301 Constitution Avenue Northwest, Washington, District of Columbia, United States, 20037","peacebuilding, foreign policy, national security, conflict management, conflict prevention, conflict resolution, grantmaking, education, training",'+1 202-457-1700,,"The United States Institute of Peace is a national, nonpartisan, independent institute, founded by Congress and dedicated to the proposition that a world without violent conflict is possible, practical and essential for U.S. and global security. In conflict zones abroad, the Institute works with local partners to prevent, mitigate, and resolve violent conflict. To reduce future crises and the need for costly interventions, USIP works with governments and civil societies to build local capacities to manage conflict peacefully. The Institute pursues its mission by linking research, policy, training, analysis and direct action to support those who are working to build a more peaceful, inclusive world.

Stay up to date with employment opportunities at USIP by visiting: https://www.usip.org/about/careers",1984
United Nations Office for Disaster Risk Reduction (UNDRR),international affairs,http://www.undrr.org,http://www.linkedin.com/company/undrr,https://facebook.com/unisdr,https://twitter.com/unisdr,9 Rue de Varembe,Geneva,Geneva,Switzerland,1202,"9 Rue de Varembe, Geneva, Geneva, Switzerland, 1202",disaster risk reduction & resilience,'+1 212-963-5047,"The UNDRR brings governments, partners, and communities together to reduce disaster risk and losses and to ensure a safer, sustainable future.","At the UN Office for Disaster Risk Reduction (UNDRR), we're dedicated to helping countries and communities lower risk and raise resilience in the face of natural and human-induced hazards. Our work is guided by the Sendai Framework for Disaster Risk Reduction, a 15-year agreement adopted by the international community in 2015, which was the first building block of the 2030 Agenda for Sustainable Development.",1999
United Robotics Group,machinery,http://www.unitedrobotics.group,http://www.linkedin.com/company/united-robotics-group,https://www.facebook.com/UnitedRobotics.Group,https://twitter.com/united_robotics,45 Wittener Strasse,Bochum,North Rhine-Westphalia,Germany,44789,"45 Wittener Strasse, Bochum, North Rhine-Westphalia, Germany, 44789","service robotik, kollaborative robotik, cobots, robots as a service",'+49 69 427260238,"United Robotics Group's solutions alleviate workforce shortages, increase job attractiveness, and streamline everyday tasks.","Founded by Thomas Hähn in 2020, United Robotics Group unites young service robotics companies into a unique ecosystem by bundling hardware and software expertise under one roof. Headquartered in Bochum, Germany, United Robotics Group brings together cutting-edge technology and robotic experts from both the social and industrial world. United Robotics Group shares the common ambition to empower humanity with technology and lighten processes for humans, helping them focus on human interactions in a safe and secure environment.

As the CobiotX company who created this 3rd generation of robotics – robots for humans, the United Robotics Group is committed to developing standardized and customized solutions to meet social and business challenges in the life science, health and care, hospitality, education, intralogistics, maintenance and surveillance sectors with quality, data protection and sustainability as key driving forces. All planning humans in the center of all.
RSBG SE, the investment entity of RAG-Stiftung, focused on technology and engineering-driven companies is the majority shareholder of United Robotics Group. SoftBank Robotics Group is a minority shareholder of United Robotics Group.",2021
United Robotics Group,electrical/electronic manufacturing,http://www.aldebaran.com,http://www.linkedin.com/company/aldebaranrobotics,https://www.facebook.com/AldebaranRobotics,https://twitter.com/AldebaranRobots,43 Rue du Colonel Pierre Avia,Issy-les-Moulineaux,Ile-de-France,France,75015,"43 Rue du Colonel Pierre Avia, Issy-les-Moulineaux, Ile-de-France, France, 75015","humanoid robotics, technology, robotics, robot, robots",'+33 1 77 37 17 52,Aldebaran is the world leader in humanoid robotics. Discover our robots Pepper and NAO and their solutions for your company.,"Leader in humanoid robotics, Aldebaran (formerly SoftBank Robotics Europe) is headquartered in Paris and regroups around 180 employees. Creator of the robots NAO, Pepper and Romeo, used today in more  than  70  countries  worldwide,  in  various  fields,  such  as  research,  education,  retail, healthcare, tourism, hospitality or entertainment.

For more information: https://www.aldebaran.com
Facebook : Softbank Robotics Europe / Nao.therobot
Twitter : @SBREurope / @PepperTheRobot /  @NaoRobot 
Instagram : @SBREurope
Youtube : SoftBank Robotics Europe",2005
United Utilities,utilities,http://www.unitedutilities.com,http://www.linkedin.com/company/united-utilities,https://www.facebook.com/OfficialUnitedUtilities,https://twitter.com/unitedutilities,,Great Sankey,England,United Kingdom,WA5 3UZ,"Great Sankey, England, United Kingdom, WA5 3UZ",,'+44 34 5672 3723,"United Utilities provides water and wastewater services in the North West of England. Manage your account, pay your water bill, submit a water meter reading and get updates of current incidents in your area online.","United Utilities provides water and wastewater services to around seven million people in the North West of England supplying 3million households and 200,000 business premises. We manage the catchment land around our reservoirs to safeguard the quality of the raw water we collect and store.
 
We then treat and deliver it to our customer's taps - around 1,500 million litres a day

We also collect wastewater from our customers and surface water from roads and highways, treat it at our wastewater treatment works before returning it back safely to the environment.

In order to do this we have:

- 184 reservoirs
- over 42,000 km of water pipes, from Cumbria to Cheshire
- over 72,000 km of sewers
- over 1,400 km of aqueducts
- 100 water treatment works
- 575 wastewater treatment works
- 57,000 hectares of catchment land",1995
United Soccer Coaches,sports,http://www.unitedsoccercoaches.org,http://www.linkedin.com/company/unitedsoccercoaches,https://www.facebook.com/UnitedSoccerCoaches,https://twitter.com/UnitedCoaches,30 West Pershing Road,Kansas City,Missouri,United States,64108,"30 West Pershing Road, Kansas City, Missouri, United States, 64108","soccer, coaching, college soccer, youth soccer, professional soccer, recreational soccer, competitive soccer, ncaa soccer, naia soccer, njcaa soccer, nccaa soccer, high school soccer, mens soccer, womens soccer, coaching education",'+1 813-545-4264,"United Soccer Coaches is the trusted and unifying voice, advocate, and partner for coaches of all levels of the game.","United Soccer Coaches was established in 1941 with 80 initial members. Today, United Soccer Coaches is the world's largest association of its kind.

From discounts on soccer products, publications and gear to $1 million in general liability insurance and access to group health insurance rates, we're consistently seeking new and unique benefits to enhance your game both on and off the pitch.

Members enjoy the Soccer Journal, the only periodical dedicated solely to the soccer coaching profession. Members also access a range of articles, session plans, and videos through The Training Ground. 

A full list of benefits can be found at UnitedSoccerCoaches.org/join.",1941
United Way,nonprofit organization management,http://www.unitedway.org,http://www.linkedin.com/company/united-way-worldwide,https://www.facebook.com/UnitedWay,https://twitter.com/unitedway,701 North Fairfax Street,Alexandria,Virginia,United States,22314,"701 North Fairfax Street, Alexandria, Virginia, United States, 22314","education, income, health, volunteerism, advocacy, community impact, financial stability, veterans services",'+1 703-836-7112,"United Way fights for the health, education, and financial stability of every person in every community.","United Way fights for the health, education and financial stability of every person in every community. With global reach and local impact, we're making life better for 48 million people annually. United Way is the world's largest privately funded nonprofit, working in 95% of U.S. communities and 40 countries and territories. That's why we're the mission of choice for 2.5 million volunteers, 7.7 million donors and 45,000 corporate partners in some 1,200 communities. In the wake of COVID-19, we're helping people stay in their homes, stock their pantries, and protect their lives and livelihoods. And we're working to build resilient, equitable communities.  Join us!",1887
Manchester United,sports,http://www.manutd.com,http://www.linkedin.com/company/manchester-united,https://www.facebook.com/manchesterunited ,https://twitter.com/ManUtd,Sir Matt Busby Way,Stretford,England,United Kingdom,M16 0RA,"Sir Matt Busby Way, Stretford, England, United Kingdom, M16 0RA",,'+44 161 868 8000,"The official Manchester United website with news, fixtures, videos, tickets, live match coverage, match highlights, player profiles, transfers, shop and more","Manchester United is one of the most popular and successful sports teams in the world, playing one of the most popular spectator sports on Earth. Through our 135-year heritage we have won 61 trophies, enabling us to develop the world's leading sports brand and a global community of 1.1 billion followers. Our large, passionate community provides Manchester United with a worldwide platform to generate significant revenue from multiple sources, including sponsorship, merchandising, product licensing, new media & mobile, broadcasting and match day.",1878
United Launch Alliance (ULA),defense & space,http://www.ulalaunch.com,http://www.linkedin.com/company/ulalaunch,https://facebook.com/ulalaunch,https://twitter.com/ulalaunch,,Englewood,Colorado,United States,80155,"Englewood, Colorado, United States, 80155","assured access to space, rocket launch, engineering, space launch, rocket science",'+1 720-922-7100,,"All rockets are not created equal. ULA is the nation's most experienced, reliable and accurate launch service provider delivering unmatched value, a tireless drive to improve, and commitment to the extraordinary. Vulcan's inaugural launch marked the beginning of a new era of space capabilities and provides higher performance and greater affordability while offering the world's only high energy architecture rocket to deliver any payload, at any time, to any orbit.",2006
UnitedHealth Group,hospital & health care,http://www.unitedhealthgroup.com,http://www.linkedin.com/company/unitedhealth-group,https://www.facebook.com/unitedhealthgroup/,https://twitter.com/UnitedHealthGrp,4425 E Cotton Center Blvd,Phoenix,Arizona,United States,85040-8854,"4425 E Cotton Center Blvd, Phoenix, Arizona, United States, 85040-8854","health care information technology, mobile health, pets, veterinary, health care, wellness & health management, retiree solutions, information technology",'+1 800-328-5979,UnitedHealth Group helps people live healthier lives and helps make the health system work better for everyone.,UnitedHealth is a Minnesota-based managed healthcare company that provides services such as Medicare plans and health insurance products for individuals and businesses.,1980
United Talent Agency,entertainment,http://www.unitedtalent.com,http://www.linkedin.com/company/unitedtalent,https://facebook.com/UnitedTalent/,https://twitter.com/unitedtalent,9336 Civic Center Drive,Beverly Hills,California,United States,90210,"9336 Civic Center Drive, Beverly Hills, California, United States, 90210","games, consumer internet, internet, information technology, talent representation & entertainment",'+1 310-273-6700,,"UTA unites ideas, opportunities and talent. The company represents some of the world's most iconic, barrier-breaking artists, creators and changemakers—from actors, athletes and musicians to writers, gamers and digital influencers. One of the most influential companies in global entertainment, UTA's business spans talent representation and content production, as well as strategic advisory and marketing work with some of the world's biggest brands. UTA is headquartered in Los Angeles with offices in Atlanta, Chicago, Nashville, New York and London.",1991
"United Surgical Partners International, Inc",hospital & health care,http://www.uspi.com,http://www.linkedin.com/company/united-surgical-partners-international-inc,https://facebook.com/UnitedSurgicalPartners/,https://twitter.com/United_Surgical,14201 Dallas Pkwy,Dallas,Texas,United States,75254,"14201 Dallas Pkwy, Dallas, Texas, United States, 75254",,'+1 972-713-3500,,"United Surgical Partners International (USPI), a subsidiary of Tenet Healthcare Corporation (NYSE: THC), operates the largest ambulatory platform in the country. With more than 480+ facilities across the United States, the company serves patients in ambulatory surgery centers and surgical hospitals. For more information, please visit www.uspi.com.

USPI's mission is simple, but the gravity of it is profound. We care for every patient and their family as if they were our own. Each patient, each family, each and every time.",1998
United Nations Volunteers,international affairs,http://www.unv.org,http://www.linkedin.com/company/united-nations-volunteers,http://www.facebook.com/unvolunteers,,,Bonn,North Rhine-Westphalia,Germany,,"Bonn, North Rhine-Westphalia, Germany","volunteer management, international development, crisis response, humanitarian aid",'+1 202-331-8670,The United Nations Volunteers programme is a United Nations organization that open volunteer opportunities and mobilize volunteers in 150 countries,"United Nations Volunteers (UNV) is the UN organization that contributes to peace and development through volunteerism worldwide. 

Volunteerism is a powerful means of engaging people in tackling development challenges, and it can transform the pace and nature of development. Volunteerism benefits both society at large and the individual volunteer by strengthening trust, solidarity, and reciprocity among citizens, and by purposefully creating opportunities for participation. 

UNV contributes to peace and development by advocating for recognition of volunteers, working with partners to integrate volunteerism into development programming, and mobilizing an increasing number and diversity of volunteers, including experienced UN Volunteers, throughout the world. UNV embraces volunteerism as universal and inclusive, and recognizes volunteerism in its diversity as well as the values that sustain it: free will, commitment, engagement and solidarity. 

Based in Bonn, Germany, UNV is active in around 130 countries every year. UNV, with Field Units in 60 countries, is represented worldwide through the offices of the United Nations Development Programme (UNDP) and reports to the UNDP Executive Board.

Disclaimer: United Nations Volunteers does not guarantee the truthfulness, accuracy, or validity of any comments posted by followers on this profile. Users must not post any content that is obscene, defamatory, profane, libelous, threatening, harassing, abusive, hateful or embarrassing to any person or entity. UNV reserves the right to delete or edit any comments that it considers inappropriate or unacceptable.",1970
United Airlines,airlines/aviation,http://www.united.com,http://www.linkedin.com/company/united-airlines,https://facebook.com/United/,https://twitter.com/united,233 South Wacker Drive,Chicago,Illinois,United States,60606,"233 South Wacker Drive, Chicago, Illinois, United States, 60606","online travel, consumer internet, internet, information technology, airline, travel, air cargo, air travel, customer service, aviation, technology, digital technology, airlines, airport lounges, bars, hotels & travel, nightlife, transportation",'+1 872-825-4000,,"This is the story of airline that leads the industry from ground to clouds. Our global cast of over 100,000+ hero characters are each on a journey to be a force for good for our customers, the planet and each other. Come be part of this story.",1926
Royal United Services Institute,think tanks,http://www.rusi.org,http://www.linkedin.com/company/royal-united-services-institute,https://www.facebook.com/RUSI.org,https://twitter.com/RUSI_org,Whitehall,London,England,United Kingdom,SW1A 2,"Whitehall, London, England, United Kingdom, SW1A 2","defence, international security, military, national security, financial crime, technology",'+44 20 7930 5854,Royal United Services Institute,"The Royal United Services Institute (RUSI) is a unique institution, founded in 1831 by the Duke of Wellington, RUSI embodies nearly two centuries of forward thinking, free discussion, and careful reflection on international affairs and defence and security matters.

RUSI is a British institution but operates with an international perspective. Offices in Nairobi and Brussels reinforce our global reach. Over the years, we have amassed an outstanding reputation for quality and objectivity. Our heritage, location at the heart of Whitehall, and extensive networks inside and outside government, give RUSI a unique insight and authority.",1831
United Colors of Benetton India,apparel & fashion,http://www.benetton.com,http://www.linkedin.com/company/united-colors-of-benetton-india,https://www.facebook.com/Benetton,https://twitter.com/benetton,25,Gurugram,Haryana,India,122004,"25, Gurugram, Haryana, India, 122004","accessories, children's clothing, fashion, men's clothing, shopping, women's clothing",'+1 212-593-0290,"Check out the United Colors of Benetton 2024 Collection for Women, Men, Boys, Girls and Baby - Free returns.","Benetton Group is one of the best-known fashion companies in the world, present in the most important markets with a network of about 5,000 stores. A responsible group that plans for the future and lives in the present - with a watchful eye to the environment, to human dignity, and to a society in transformation - the Group has a consolidated identity comprised of colour, authentic fashion, quality at democratic prices and passion for its work. These values are reflected in the strong, dynamic personalities of the United Colors of Benetton brands.

United Colors of Benetton's commitment to social issues has always been a central feature of the brand that, through its communications campaigns and collaborations with leading non-profit organizations, makes the public reflect on social issues of universal relevance.",1965
Leeds United,sports,http://www.leedsunited.com,http://www.linkedin.com/company/leedsunited,https://www.facebook.com/LeedsUnited,https://twitter.com/lufc,,Leeds,England,United Kingdom,,"Leeds, England, United Kingdom","football, sports, corporate entertainment, conferencing, hospitality, retail, events",'+44 11 3367 6557,"Welcome to the official Leeds United website. All the latest news, features, videos and ticket information from Elland Road","Bremner, Charles, Gray, Hunter, Charlton, Lorimer. Leeds United, since its inception in 1919, has been synonymous with bringing great players, and great football to the turf of Elland Road, winning three First Division  league titles, two Community Shields, two Inter-Cities Fairs Cups, an FA Cup, and a League Cup.",1919
United Natural Foods,food & beverages,,http://www.linkedin.com/company/united-natural-foods,,,,Providence,Rhode Island,United States,,"Providence, Rhode Island, United States","organic & specialty foods & products, wholesale distribution of natural",,,"UNFI is the leading independent national distributor of natural, organic and specialty foods and related products including nutritional supplements, personal care items and organic produce, in the United States & Canada.  In addition to excellent distribution services, we provide a range of innovative, value-added services for our customers and suppliers, to foster mutual success and growth. Our services include marketing and promotional tools, merchandising, category management and store support services.\\Our distribution operations are divided into five principal units: UNFI, Eastern Region; UNFI, Western Region; Albert's Organics; Select Nutrition Distributors; and UNFI Canada.  In addition to distribution operations, UNFI's divisions include Blue Marble Brands, Earth Origins Markets, Woodstock Farms Manufacturing and Honest Green.  We distribute from 28 distribution centers to customers throughout the United States & Canada and to more than 40 additional countries.",
West Ham United FC,sports,http://www.whufc.com,http://www.linkedin.com/company/west-ham-united,https://www.facebook.com/westham,https://twitter.com/westham,,London,England,United Kingdom,E20 2ST,"London, England, United Kingdom, E20 2ST",,'+44 20 8548 2748,Official website of West Ham United FC.,"At the heart and soul of London since 1895 West Ham United is a dynamic, fan-focused football Club constantly moving forward but always with an eye on the past. 
 
Our home at the London Stadium has a capacity of 60,000 making it one of the biggest club Stadia in the country however our tickets are the lowest priced for London based clubs in the Premier League, echoing objectives to create Affordable Family Football. 
 
In 2018, our Women's team gained a professional status for the very first time, jumping 2 divisions and competed in the Women's Super League (WSL), the premier division of women's football in England. After finishing a respectable 7th, the team enjoyed particular success in the FA Cup reaching the final of the competition, eventually being beaten by 2017 winners Manchester City. 
 
In April 2019, we opened our brand-new Academy facility based at Chadwell Heath which will help to bring through some of the very best talents in the area, the recent emergence of First Team Players Declan Rice and Ben Johnson are a testament to the work already being done at the Academy. 
 
On the business side, we are continuing to create a Stadium our supporters can call home, with the renaming of the Billy Bonds Stand and Claret and Blue pitch surrounding amongst the latest developments. Additionally, the Club is on target to achieve the Advanced Level of the Premier League's Equality Standard, whilst also achieving the Disability Confident Leader status which highlights the club's commitment to Equality and Diversity. 
 
The Club employees a constantly growing workforce of approximately 300 core staff and 500 Foundation and events staff,  and is a truly unique place to work and we are always looking for talented individuals who will thrive in our ambitious organisation.",1895
United Microelectronics Corporation (UMC),semiconductors,http://www.umc.com,http://www.linkedin.com/company/united-microelectronics-corporation-umc-,,,3 力行一路,Hsinchu,Hsinchu City,Taiwan,300094,"3 力行一路, Hsinchu, Hsinchu City, Taiwan, 300094",,'+886 3 578 2258,"This is the official website of UMC. The content introduces UMC-related information including technology, applications, factory introduction, news, financial information, careers and other information.","UMC (NYSE: UMC, TWSE: 2303) is a leading global semiconductor foundry company. The company provides high quality IC fabrication services, focusing on logic and various specialty technologies to serve all major sectors of the electronics industry. UMC's comprehensive IC processing technologies and manufacturing solutions include Logic/Mixed-Signal, embedded High-Voltage, embedded Non-Volatile-Memory, RFSOI and BCD etc. Most of UMC's 12-in & 8-in fabs with its core R&D are located in Taiwan, with additional ones throughout Asia. UMC has total 12 fabs in production with combined capacity over 800,000 wafers per month (8-in equivalent), and all of them are certified with IATF 16949 automotive quality standard. UMC is headquartered in Hsinchu, Taiwan, plus local offices in United States, Europe, China, Japan, Korea & Singapore, with worldwide total 20,000 employees. 

For more information, please visit: https://www.umc.com.",1980
United Robotics Group,machinery,http://www.rethinkrobotics.com,http://www.linkedin.com/company/rethink-robotics,http://www.facebook.com/rethinkrobotics,https://twitter.com/@rethinkrobotics,38C Industriestrasse,Bochum,North Rhine-Westphalia,Germany,44894,"38C Industriestrasse, Bochum, North Rhine-Westphalia, Germany, 44894","manufacturing, robotics, information technology, collaborative robots, cobots, robots, factory automation, manufacturing automation",'+49 234 622030,"See how Rethink and our smart, collaborative robot Sawyer, are leading the way with a complete cobot solution that enables manufacturers to automate more.","Rethink Robotics' collaborative robots transform the way manufacturing work gets done on factory floors around the world. Our cobots can be deployed quickly, are designed to work safely alongside people, and are highly reliable, adaptable and easy-to-use. With a quick return on investment, manufacturers are increasingly turning to our Sawyer cobot as a smart solution to automate more while addressing challenges like labor shortages and productivity across industries such as plastics, packaging and co-packing, metal fabrication, electronics, and automotive supply chain.


Legal Notice
Name, Address and Authorized Representatives:
Rethink Robotics GmbH
Industriestraße 38c
44894 Bochum
Germany

Represented by:
Daniel Bunse (CEO)

Contact Information:
Telephone: +49 234 62203 0
Fax: +49 234 62203 499
E-Mail: info@rethinkrobotics.com

Register Details
Rethink Robotics GmbH is registered in the commercial register of the local court AG Bochum under the register numbers HRB 18700.
VAT registration number according to Section 27a German Value Added Tax Law (Umsatzsteuergesetz) DE 320241242

Responsible for the content according to Section 55 para 2 German Interstate Broadcasting Treaty (Rundfunkstaatsvertrag ""RStV""): Daniel Bunse
Link to legal notice: https://www.rethinkrobotics.com/legal-notice 

Privacy Policy: https://www.rethinkrobotics.com/privacy-policy",2018
United Rentals,construction,http://www.unitedrentals.com,http://www.linkedin.com/company/united-rentals,https://facebook.com/UnitedRentals/,https://twitter.com/United_Rentals,100 First Stamford Place,Stamford,Connecticut,United States,6902,"100 First Stamford Place, Stamford, Connecticut, United States, 06902","equipment rentals, used equipment sales, 24, 7 support, safety training, power, hvac, trench safety, solutions, tool management, fleet management, commercial building, oil, gas refining, oilfield services, chemical, gsa, power generation, distribution, pump solutions, automotive, building supplies, home services, local services, machine & tool rental, truck rental",'+1 203-622-3131,,"As North America's largest equipment rental company, with 1500+ stores in the United States and Canada, we serve construction and industrial companies, utilities, municipalities, homeowners, and communities, with the goal of fulfilling customer needs and surpassing expectations.

We go beyond equipment. We are the world's largest fleet of problem solvers, with best-in-class specialty solutions, safety training and 24/7 support to empower your success.

For more updates -
Follow us on Twitter: www.UnitedRentals.com/Twitter  
Like us on Facebook: www.UnitedRentals.com/Facebook 
Join us on Google+: www.UnitedRentals.com/Google
See more videos: www.UnitedRentals.com/YouTube",1997
United Biscuits,food production,,http://www.linkedin.com/company/united-biscuits,https://facebook.com/OfficialUnitedBiscuits,https://twitter.com/pladis_Global,Chiswick High Road,London,England,United Kingdom,W4 5HR,"Chiswick High Road, London, England, United Kingdom, W4 5HR","mcvities, jacobs, carrs, go ahead, mcvities jaffa cakes, verkade, delacre, bn",'+44 20 8234 5000,pladis is one of the world's leading snacking companies. We are the proud steward of over 300 years of family baking and confectionery experience.,"United Biscuits is part of pladis- a global biscuit and confectionery company with operations in 120 countries across Europe, the Middle East, Africa, Asia and the Americas. The company is owned by Yildiz Holding, the largest food company in CEEMEA, and combines three centuries of baking and confectionery expertise by bringing together its iconic Godiva, McVitie's and Ulker brands. 

The very name of our business shows our ambition; pladis comes from ‘Pleiades', which is a constellation of seven stars that can be seen from every corner of the world. That's exactly what we hope for our business – to be in every corner of the world, making people happy with our products. This direction is brought to life through our Central Idea; ‘We promise happiness to the world with every bite'. And that is exactly what we will do. 

Our promise of happiness extends beyond our products. For pladis that also means genuine care and commitment to protecting the environment; continually improving the responsible and sustainable sourcing of our ingredients; fair and respectful dealings with our suppliers and partners; a lasting commitment to public health; giving back to society and importantly, a happy and equal opportunity workplace for our people.  

pladis creates a global network which understands the local needs well and operate through different geographies, and add value to the communities where we currently reside. We will continue to strengthen our family around the world while supporting equal chances and providing a diverse and inclusive environment following the shared culture of our corporate roadmap G0AL21. Our dedication to innovation and quality is commitment to our consumers. 

For more information visit: www.pladisglobal.com

Follow us on 
Twitter : https://twitter.com/pladis_global
Instagram : www.instagram.com/pladisglobal 
FB : https://www.facebook.com/pladisglobal",1948
United States Postal Service,government administration,http://www.usps.com,http://www.linkedin.com/company/usps,https://www.facebook.com/USPS,https://twitter.com/usps,475 L'Enfant Plaza Southwest,Washington,District of Columbia,United States,20260,"475 L'Enfant Plaza Southwest, Washington, District of Columbia, United States, 20260","logistics, packaging, advertising, transportation, direct mail, mail delivery, local services, post offices, public services & government, shipping centers",'+1 202-268-2000,"Welcome to USPS.com. Track packages, pay and print postage with Click-N-Ship, schedule free package pickups, look up ZIP Codes, calculate postage prices, and find everything you need for sending mail and shipping packages.","As the United States Postal Service continues its evolution as a forward-thinking, fast-acting company capable of providing quality products and services for its customers, it continues to remember and celebrate its roots as the first national network of communications that literally bound a nation together. Ours is a proud heritage built on a simple yet profound mission: Bind the nation together. Connect every American, every door, every business, everywhere through the simple act of delivering mail and packages. This idea of universal service is at the heart of the $1.4 trillion industry that employs more than 7.5 million people and drives commerce, plays an integral part in every American community and remains the greatest value of any post in the world. 

The Postal Service delivers more mail to more addresses in a larger geographical area than any other post in the world. The Postal Service delivers to more than 157 million addresses in every state, city and town in this country. Everyone living in the United States and its territories has access to postal products and services and pays the same postage regardless of their location. The Postal Service receives no tax dollars for operating expenses and relies on the sale of postage, products and services to fund its operations. 

Facebook: www.facebook.com/usps
Twitter: www.twitter.com/usps
Instagram: www.instagram.com/uspostalservice
Pinterest: www.pinterest.com/uspsstamps
YouTube: www.youtube.com/usps
Corporate Blog: www.uspsblog.com

This profile, while affiliated with the U.S. Postal Service®, is not an official customer service page. 
Please use one of the methods described below to receive assistance.
Get help on twitter @USPSHelp or call 800-275-8777or go to go.usa.gov/help

Thank you",
United Nations Global Compact,international affairs,http://www.unglobalcompact.org,http://www.linkedin.com/company/globalcompact,https://www.facebook.com/UNGlobalCompact,https://twitter.com/globalcompact,685 3rd Avenue,New York,New York,United States,10017,"685 3rd Avenue, New York, New York, United States, 10017","corporate sustainability, human rights, labour, environment, anticorruption, csr, sustainable development goals, united nations, business, global goals",'+1 212-907-1301,The United Nations Global Compact is a voluntary initiative based on CEO commitments to implement universal sustainability principles and to undertake partnerships in support of UN goals.,UNGC is a New York-based nonprofit organization that practices universal sustainability principles and takes action to support the goals of the United Nations.,2000
United States Military Academy at West Point,higher education,,http://www.linkedin.com/company/united-states-military-academy-at-west-point,,,2 Thayer Road,West Point,New York,United States,10996,"2 Thayer Road, West Point, New York, United States, 10996",,,West Point Military Academy,"United States Military Academy at West Point is a higher education company based out of NY, United States.",
United States Military Academy at West Point,higher education,http://www.usma.edu,http://www.linkedin.com/school/united-states-military-academy-at-west-point,,,2 Thayer Rd,West Point,New York,United States,10996-1719,"2 Thayer Rd, West Point, New York, United States, 10996-1719",,'+1 845-938-4011,,"United States Military Academy at West Point is a higher education company based out of NY, United States.",